ISSN,JOURNAL
0169-5347,Trends in Ecology and Evolution
1612-4642,European Journal of Wildlife Research
1466-822X,Global Ecology and Biogeography
1874-1738,Theoretical Ecology
1035-3712,Wildlife Research
0888-8892,Conservation Biology
0367-2530,Flora
0110-6465,New Zealand Journal of Ecology
0040-5809,Theoretical Population Biology
0138-0338,Polish Polar Research
0021-8901,Journal of Applied Ecology
0564-3295,Tropical Ecology
2352-4855,Regional Studies in Marine Science
0275-7540,Chemistry and Ecology
1036-9872,Rangeland Journal
0266-4674,Journal of Tropical Ecology
1873-9652,Polar Science
0885-8608,Natural Areas Journal
0270-5060,Journal of Freshwater Ecology
1565-9801,Israel Journal of Ecology and Evolution
0269-8463,Functional Ecology
1585-8553,Community Ecology
0716-078X,Revista Chilena de Historia Natural
1745-1000,Marine Biology Research
1065-657X,Compost Science and Utilization
1022-0119,African Journal of Range and Forage Science
0022-2933,Journal of Natural History
0305-1978,Biochemical Systematics and Ecology
0044-5967,Acta Amazonica
0022-0477,Journal of Ecology
1860-1871,Landscape and Ecological Engineering
0141-6707,African Journal of Ecology
2193-3081,Web Ecology
0003-455X,Annales Zoologici Fennici
1589-1623,Applied Ecology and Environmental Research
0003-0031,American Midland Naturalist
0032-2474,Polar Record
0029-344X,Northwest Science
1195-6860,Ecoscience
1543-592X,"Annual Review of Ecology, Evolution, and Systematics"
0169-2046,Landscape and Urban Planning
2410-7220,African Journal of Wildlife Research
2073-106X,Eco.mont
1522-0613,Evolutionary Ecology Research
1944-687X,Journal of Fish and Wildlife Management
1092-6194,Northeastern Naturalist
0065-2504,Advances in Ecological Research
1527-0904,Western North American Naturalist
0240-8759,Vie et Milieu
1067-4136,Russian Journal of Ecology
1505-2249,Polish Journal of Ecology
1528-7092,Southeastern Naturalist
0370-047X,Proceedings of the Linnean Society of New South Wales
1995-4255,Contemporary Problems of Ecology
0249-7395,Revue d'Ecologie (La Terre et la Vie)
0962-8452,Proceedings of the Royal Society B: Biological Sciences
0378-1844,Interciencia
0038-4909,Southwestern Naturalist
0028-0712,Natural history
2397-334X,Nature ecology &amp; evolution
0084-0173,Wildlife Monographs
0006-3207,Biological Conservation
0012-9658,Ecology
1366-9516,Diversity and Distributions
1751-7362,ISME Journal
0906-7590,Ecography
0021-8790,Journal of Animal Ecology
1461-023X,Ecology Letters
2212-0416,Ecosystem Services
1051-0761,Ecological Applications
0003-0147,American Naturalist
1354-1013,Global Change Biology
2214-5745,Current Opinion in Insect Science
0305-0270,Journal of Biogeography
1432-9840,Ecosystems
0921-8009,Ecological Economics
0018-067X,Heredity
0921-2973,Landscape Ecology
0014-3820,Evolution
0046-5070,Freshwater Biology
1754-5048,Fungal Ecology
0030-1299,Oikos
1540-9295,Frontiers in Ecology and the Environment
0095-3628,Microbial Ecology
0167-8809,"Agriculture, Ecosystems and Environment"
0012-9615,Ecological Monographs
2051-1434,Conservation Physiology
1726-4170,Biogeosciences
1045-2249,Behavioral Ecology
1744-9561,Biology Letters
2051-3933,Movement Ecology
1708-3087,Ecology and Society
0029-8549,Oecologia
1387-3547,Biological Invasions
0925-8574,Ecological Engineering
0003-0090,Bulletin of the American Museum of Natural History
1367-9430,Animal Conservation
0960-3115,Biodiversity and Conservation
2041-2851,AoB PLANTS
1433-8319,"Perspectives in Plant Ecology, Evolution and Systematics"
2213-2244,International Journal for Parasitology: Parasites and Wildlife
1936-0584,Ecohydrology
2150-8925,Ecosphere
1100-9233,Journal of Vegetation Science
1755-098X,Molecular Ecology Resources
1061-2971,Restoration Ecology
1010-061X,Journal of Evolutionary Biology
0304-3800,Ecological Modelling
2161-9549,Freshwater Science
0340-5443,Behavioral Ecology and Sociobiology
0098-0331,Journal of Chemical Ecology
0094-8373,Paleobiology
1350-4509,International Journal of Sustainable Development and World Ecology
2045-7758,Ecology and Evolution
0030-6053,ORYX
1402-2001,Applied Vegetation Science
1472-6785,BMC Ecology
0031-4056,Pedobiologia
0006-3606,Biotropica
0171-8630,Marine Ecology Progress Series
0022-4561,Journal of Soil and Water Conservation
2351-9894,Global Ecology and Conservation
1439-1791,Basic and Applied Ecology
0269-7653,Evolutionary Ecology
0909-6396,Wildlife Biology
1164-5563,European Journal of Soil Biology
0022-541X,Journal of Wildlife Management
0948-3055,Aquatic Microbial Ecology
1083-8155,Urban Ecosystems
0022-0981,Journal of Experimental Marine Biology and Ecology
0140-1963,Journal of Arid Environments
0963-9292,Ecotoxicology
1386-2588,Aquatic Ecology
1798-6540,Aquatic Invasions
1617-1381,Journal for Nature Conservation
1550-7424,Rangeland Ecology and Management
0722-4060,Polar Biology
1752-9921,Journal of Plant Ecology
0079-032X,Bulletin of the Peabody Museum of Natural History
2041-210X,Methods in Ecology and Evolution
1574-9541,Ecological Informatics
0277-5212,Wetlands
1385-0237,Plant Ecology
1933-9747,Fire Ecology
1442-9985,Austral Ecology
0340-269X,Phytocoenologia
0962-1083,Molecular Ecology
0913-557X,Plant Species Biology
1438-3896,Population Ecology
0937-7409,Chemoecology
1476-945X,Ecological Complexity
1146-609X,Acta Oecologica
1642-3593,Ecohydrology and Hydrobiology
1751-3758,Journal of Biological Dynamics
1442-7001,Ecological Management and Restoration
0912-3814,Ecological Research
0378-1909,Environmental Biology of Fishes
0800-0395,Polar Research
